{
  "Author": "Loskh",
  "Name": "AoAoEnergy",
  "InternalName": "AoAoEnergy",
  "AssemblyVersion": "7.4.0.1",
  "Description": "可我还要打本啊！为了不睡过去，我需要补充能量。这时候就轮到我最爱的能量饮料登场了……",
  "ApplicableVersion": "any",
  "Tags": [
    "VFX",
    "AVFX"
  ],
  "DalamudApiLevel": 14,
  "LoadRequiredState": 0,
  "LoadSync": false,
  "CanUnloadAsync": false,
  "LoadPriority": 99,
  "IconUrl": "https://cafemaker.wakingsands.com/i/024000/024420_hr1.png",
  "Punchline": "宣传是用于新人的怪怪的能量饮料。 (将爆发药特效替换为嗷嗷有劲的RGB)",
  "AcceptsFeedback": true
}