{
  "Author": "Herculezz, erdelf",
  "Name": "AutoDuty CN",
  "InternalName": "AutoDuty",
  "AssemblyVersion": "0.0.0.0",
  "MinimumDalamudVersion": "14.0.0.0",
  "Description": "AutoDuty",
  "ApplicableVersion": "any",
  "RepoUrl": "https://github.com/erdelf/AutoDuty",
  "DalamudApiLevel": 14,
  "LoadRequiredState": 0,
  "LoadSync": false,
  "CanUnloadAsync": false,
  "LoadPriority": 0,
  "ImageUrls": [
    "https://s3.puni.sh/media/plugin/54/image-15l1o9gf3yg.png",
    "https://s3.puni.sh/media/plugin/54/image-gc84lu4pdpb.png",
    "https://s3.puni.sh/media/plugin/54/image-vkvtqki3ggh.png",
    "https://s3.puni.sh/media/plugin/54/image-pw9lcsan22.png",
    "https://s3.puni.sh/media/plugin/54/image-5lu04i95hz8.png"
  ],
  "IconUrl": "https://s3.puni.sh/media/plugin/54/icon-15ug2vnr9m1.png",
  "Punchline": "AutoDuty",
  "AcceptsFeedback": true
}