{
  "Overlay": {
    "Button": {
      "Goto": "Goto",
      "TurnIn": "GC納品",
      "Desynth": "分解",
      "Extract": "精製",
      "Repair": "修理",
      "Equip": "装備更新",
      "Coffers": "箱開封",
      "TripleTriad": "ﾄﾘﾌﾟﾙﾄﾗｲｱﾄﾞ"
    },
    "Tooltip": {
      "TurnIn": "クリックでGC納品場所へ移動し、AutoRetainerのGC納品を実行します",
      "TurnInMissing": "GC納品にはAutoRetainerプラグインが必要です: https://love.puni.sh/ment.json",
      "Desynth": "クリックで所持品をすべて分解します",
      "Extract": "クリックでマテリア精製します",
      "ExtractMissing": "マテリア精製にはクエスト「Forging the Spirit」の完了が必要です",
      "Repair": "クリックで修理します",
      "Equip": "クリックで装備を更新します",
      "Coffers": "クリックで宝箱を開きます"
    },
    "Popup": {
      "MissingPlugin": "プラグイン不足",
      "MissingQuestCompletion": "クエスト未完了"
    }
  }
}
