{
  "MainTab": {
    "SearchDuties": "Dutyを検索...",
    "ClearSavedPath": "保存済みパスをクリア",
    "TerminationNotice": "終了オプションが有効です。ループが早期終了する可能性があります",
    "MeshLoading": "{0} Mesh: 読み込み中: ",
    "MeshLoadedPath": "{0} Mesh: 読み込み済みパス: {1}",
    "Loaded": "読み込み済み",
    "None": "なし",
    "Start": "Start",
    "Times": "回数",
    "NoPathFound": "次のパスファイルが見つかりません:\n{0}\n({1}.json)\nPathsフォルダ:\n{2}\n以下からダウンロードするか:\n{3}\nBuildタブで作成してください",
    "RequiresVNavmesh": "AutoDutyの使用にはVNavmeshプラグインのインストールと読み込みが必要です\n3rd party repoを追加してください:\nhttps://puni.sh/api/repository/veyn",
    "RequiresBossMod": "AutoDutyの使用にはBossModプラグインのインストールと読み込みが必要です\n3rd party repoを追加してください:\nhttps://puni.sh/api/repository/veyn",
    "RequiresRotation": "AutoDutyの使用にはローテーションプラグインのインストールと読み込みが必要です（Wrath Combo / Rotation Solver Reborn / BossMod AutoRotation）",
    "SelectMode": "モード選択: ",
    "Run": "Run",
    "Error": "エラー",
    "ErrorSelectVersion": "実行するダンジョンの\nバージョンを選択してください",
    "ErrorNotInParty": "コンテンツサポーター / 冒険小隊 / フェイス の実行時はパーティ未参加である必要があります",
    "ErrorGroupOf4": "Regular Dutyは4人パーティである必要があります",
    "ErrorPartyMakeup": "Regular Dutyを実行するには適切なパーティ構成が必要です",
    "ErrorNoPath": "{0} {1} のパスが見つかりません",
    "SelectDutyMode": "コンテンツ種別: ",
    "SelectLevelingMode": "レベリングモード選択: ",
    "LevelingModeHelp": "レベリングモードでは、現在のLv + ILvを基準に最も安定したダンジョンへ申請します。\n{0}\n\n常に最高レベルのダンジョンになるわけではなく、安定リストを優先します。",
    "LevelingModeHelpTrust": "GROUPはフェイスメンバーを均等に育成します。\nSOLOは必要分のみ育成します",
    "PreferTrust": "SupportレベリングよりTrustを優先",
    "UseLowestMembers": "最低レベルメンバーを使用",
    "SelectTrustParty": "フェイスパーティを選択",
    "Refresh": "更新",
    "RefreshTrustLevels": "フェイスメンバーのレベルを更新",
    "HideUnavailable": "利用不可コンテンツを非表示",
    "Unsynced": "制限解除",
    "SwitchCombatJob": "AutoDutyを使うには戦闘ジョブに切り替えてください。",
    "BlueMageRestriction": "青魔道士ではフェイス / コンテンツサポーター / 冒険小隊 / ヴァリアントダンジョンを実行できません。ジョブを変更するか別カテゴリを選択してください。",
    "LevelingModeStatus": "レベリングモード: L{0} (i{1})",
    "SelectSupportTrust": "Dutyリストを表示するには\nコンテンツサポーター / フェイス / 冒険小隊 / ダンジョン のいずれかを選択してください",
    "CurrentGearset": "現在のギアセット",
    "Busy": "処理中...",
    "RequiresVNavmeshAlt": "AutoDutyを正しく移動させるにはvnavmeshプラグインのインストールと読み込みが必要です。3rd party repoを追加してください:\nhttps://puni.sh/api/repository/veyn",
    "RequiresBossModAlt": "AutoDutyでギミック処理を行うにはBossModプラグインのインストールと読み込みが必要です。3rd party repoを追加してください:\nhttps://puni.sh/api/repository/veyn",
    "Modes": {
      "Looping": "ループ",
      "Playlist": "プレイリスト"
    },
    "DutyModes": {
      "None": "なし",
      "Support": "コンテンツサポーター",
      "Trust": "フェイス",
      "Squadron": "冒険者小隊",
      "Regular": "ダンジョン",
      "Trial": "討滅戦",
      "Raid": "レイド",
      "Variant": "ヴァリアントダンジョン",
      "NoviceHall": "初心者の館"
    },
    "LevelingModes": {
      "None": "なし",
      "Support": "Auto",
      "Trust_Group": "フェイス グループ",
      "Trust_Solo": "フェイス ソロ"
    }
  }
}
