{
  "StatsTab": {
    "ClearStatistics": "Clear Statistics",
    "ClearStatisticsHelp": "Hold ctrl to delete statistics permanently",
    "DutiesRun": "Duties run: {0}",
    "TimeSpent": "Time spent: {0}",
    "DutiesRunHeader": "Duties run",
    "ScrambleNames": "Scramble names",
    "SelectedMultiCount": "{0} selected",
    "FilterOnlySelected": "only selected",
    "Unknown": "Unknown ({0})",
    "Columns": {
      "CompletedAt": "Completed At",
      "Duration": "Duration",
      "Duty": "Duty",
      "Char": "Char",
      "ilvl": "ilvl",
      "Job": "Job",
      "Deaths": "Deaths"
    }
  }
}
