{
  "BuildTab": {
    "BuildPath": "Build Path: ({0}) {1}",
    "Changelog": "Changelog:",
    "JsonExtension": ".json",
    "AddPos": "Add POS",
    "AddPosTooltip": "Adds a MoveTo step to the path, AutoDuty will Move to the specified position",
    "AddAction": "Add Action",
    "AddActionTooltip": "Opens the Add Action popup menu to add action steps to the path",
    "ClearPath": "Clear Path",
    "ClearPathTooltip": "Clears the entire path, NOTE: there is no confirmation",
    "SavePath": "Save Path",
    "SavePathTooltip": "Saves the path to the path file specified or the default",
    "LoadPath": "Load Path",
    "LoadPathTooltip": "Loads the path",
    "OpenFile": "Open File",
    "Delete": "Delete",
    "CopyToClipboard": "Copy to Clipboard",
    "TeleportTo": "Teleport To",
    "Arguments": "Arguments:",
    "Plus": "+",
    "Up": "↑",
    "Down": "↓",
    "Remove": "X",
    "Position": "Position:",
    "Note": "Note:",
    "Tag": "Tag:",
    "Conditions": "Conditions:",
    "Condition": "Condition: ",
    "AddNewCondition": "Add new Condition",
    "Add": "Add",
    "Modify": "Modify",
    "SavePathError": "You must add at least one action to save the path, please add an action and try again",
    "SavingPath": "Saving {0}",
    "DataIdError": "{0}'s must be uint's corresponding to the objects DataId",
    "ErrorTitle": "Error",
    "NotInDungeonMessage": "You must enter a dungeon to Build a Path",
    "PlusZ": "+Z",
    "MinusZ": "-Z",
    "PlusX": "+X",
    "MinusX": "-X",
    "XDiff": "X-Diff: ",
    "YDiff": "Y-Diff: ",
    "ZDiff": "Z-Diff: ",
    "Diff": "Diff: "
  }
}
