{
  "ConfigTab": {
    "Title": "設定",
    "Profile": {
      "CurrentlySelected": "目前選取的設定檔: ",
      "CreateNew": "建立新設定檔",
      "Rename": "重新命名設定檔",
      "Duplicate": "複製設定檔",
      "MakeDefault": "設為預設值",
      "MakeDefaultHelp": "設為預設值\n按住 Ctrl 可設為當前角色的預設值\n按住 Ctrl+Shift 可移除當前角色的預設值",
      "Delete": "刪除設定",
      "DeleteHelp": "刪除設定\n按住 Ctrl 以啟用",
      "BareProfileNote": "空白設定檔(Bare Profile)僅用於單純執行副本，不包含其他功能。您可以複製它來進行編輯",
      "NewProfileName": "新設定檔名稱",
      "ChangeProfileName": "變更設定檔名稱"
    },
    "Language": "語言: ",
    "LanguageHelp": "選擇顯示語言",
    "Overlay": {
      "Header": "視窗與懸浮視窗設定",
      "ShowOverlay": "顯示懸浮視窗",
      "ShowOverlayHelp": "注意，懸浮按鈕 (交軍票/分解 等) 需要啟用各自的設定才會顯示！\n或者您可以自定義懸浮按鈕",
      "HideWhenStopped": "停止時隱藏懸浮視窗",
      "LockOverlay": "鎖定懸浮視窗位置",
      "ShowDutyLoopText": "顯示副本/循環次數",
      "TransparentBG": "懸浮窗使用透明背景",
      "ShowActionText": "顯示 AutoDuty 動作狀態文字",
      "AnchorBottom": "底部對齊",
      "OverrideButtons": "自定義懸浮按鈕",
      "OverrideButtonsHelp": "懸浮按鈕預設只有當功能啟用時，按鈕才會啟用\n此選項允許您手動選擇要啟用的按鈕",
      "ShowMainWindowOnStartup": "啟動時顯示主視窗",
      "SliderInputs": "滑桿輸入模式"
    },
    "Duty": {
      "Header": "副本設定",
      "AutoLeaveDuty": "最後一次循環結束後自動離開副本",
      "AutoLeaveDutyHelp": "路徑完成後自動退出副本。",
      "BlockLeavingDuty": "路徑完成前阻止離開副本",
      "AutoManageRotation": "自動管理戰鬥循環插件",
      "AutoManageRotationHelp": "AutoDuty 將在每次副本開始時啟用戰鬥循環插件\n*AutoDuty 會依列表順序嘗試加載可用的插件",
      "Wrath": {
        "Header": "> Wrath Combo 設定選項 <",
        "AutoSetupJobs": "自動設定職業自動循環",
        "AutoSetupJobsHelp": "若未啟用此項且 Wrath Combo 中未設定該職業，AutoDuty 將改用 RSR 或 BossMod 的自動循環",
        "TargetingTank": "目標選擇 | 坦克: ",
        "TargetingNonTank": "目標選擇 | 非坦克: "
      },
      "RSR": {
        "Header": "> RSR 設定選項 <",
        "EngageSettings": "開怪設定: ",
        "TargetingTank": "目標選擇 | 坦克: ",
        "TargetingNonTank": "目標選擇 | 非坦克: "
      },
      "AutoManageBMAI": "自動管理 BossMod AI 設定",
      "AutoManageBMAIHelp": "AutoDuty 將在每次副本開始時啟用 BMAI 及您設定的任何選項。",
      "BMAI": {
        "Header": "> BMAI 設定選項 <",
        "UpdatePresets": "更新預設配置",
        "UpdatePresetsAuto": "自動更新預設配置",
        "MaxDistanceRoleBased": "根據職業設定最大目標距離",
        "MaxDistance": "最大目標距離",
        "MaxDistanceAoE": "最大 AoE 目標距離",
        "MaxDistanceMelee": "最大目標距離 | 近戰",
        "MaxDistanceRanged": "最大目標距離 | 遠程",
        "PositionalRoleBased": "根據職業設定身位",
        "UseDefaultSettings": "使用預設 BMAI 設定",
        "UseDefaultSettingsHelp": "點擊此處將把您的 BMAI 設定設置為 AutoDuty 推薦的預設值"
      },
      "AutoManageVnavCamera": "自動管理 VNav 視角對齊",
      "AutoManageVnavCameraHelp": "AutoDuty 將在每次副本開始時啟用 VNav 的視角對齊功能，若原先未設定，則在結束時停用。",
      "LootTreasure": "自動開啟寶箱",
      "SelectMethod": "選擇方式: ",
      "LootBossTreasureOnly": "僅開啟 Boss 寶箱",
      "LootBossTreasureOnlyHelp": "AutoDuty 將繞過非 Boss 的寶箱，只開啟 Boss 寶箱。\n並非所有路徑都支援此功能。",
      "MinStuckTime": "判定卡住前的最短時間 (毫秒)",
      "ResetStuckOnStep": "僅在下一步驟重置卡住計數器",
      "RebuildNavmeshOnStuck": "卡住時重建導航網格 (Navmesh)",
      "RebuildNavmeshTimes": "次",
      "UseReturnWhenStuck": "卡住時使用返回",
      "ReturnTimes": "次",
      "DrawPath": "繪製路徑的下一步",
      "DrawPathSteps": "繪製 X 步",
      "W2W": {
        "Header": "> 一波拉 (W2W) 設定 <",
        "TreatUnsyncAsW2W": "將解除限制 (Unsync) 視為一波拉",
        "TreatUnsyncAsW2WHelp": "僅適用於步驟中含有 W2W 標籤的路徑"
      },
      "OverridePartyValidation": "覆蓋隊伍驗證 (無視隊伍組成)",
      "OverridePartyValidationHelp": "AutoDuty 在排本時將忽略您的隊伍組成\n此功能僅用於多開 (Multi-Boxing) 使用\n*不建議在有其他真實玩家的情況下使用 AutoDuty*",
      "Advanced": {
        "Header": "進階設定選項",
        "UsingAltRotation": "使用其他戰鬥循環插件",
        "UsingAltRotationHelp": "您決定使用除 Wrath Combo、Rotation Solver 或 BossMod AutoRotation 以外的插件。",
        "UsingAltMovement": "使用其他移動插件",
        "UsingAltMovementHelp": "您決定使用除 Vnavmesh 以外的插件。",
        "UsingAltBoss": "使用其他 Boss 插件",
        "UsingAltBossHelp": "您決定使用除 BossMod 以外的插件。"
      }
    },
    "PreLoop": {
      "Header": "循環前初始化設定",
      "Enable": "啟用",
      "Disable": "停用",
      "ExecuteCommands": "在每次循環開始時執行指令",
      "BetweenLoopNote": "如果啟用了循環間設定，下列項目也會在循環之間執行 (目前: {0})",
      "RetireTo": "返回至 ",
      "AddCurrentPosition": "新增當前座標",
      "HomePathHelp": "對於大多數位在傳送點直達範圍內的房屋，不需要此設定。在極少數需要路徑才能到達門口的情況下，只需走到門口並點擊「新增當前座標」即可。",
      "AutoEquipGear": "自動裝備推薦裝備",
      "GearSourceHelp": "Vanilla - 僅使用兵裝庫內的裝備\nGearsetter - 調用 Gearsetter 可將舊裝備移至背包\nStylist - 使用您的 Stylist 設定",
      "MoveOldToInventory": "將舊裝備移至背包",
      "MoveOldToInventoryHelp": "除武器外，將被替換下來的裝備移至背包。",
      "RequiresGearsetterOrStylist": "* 兵裝庫外的物品需要 Gearsetter 或 Stylist 插件",
      "AutoRepair": "自動修理",
      "Self": "自行修理",
      "SelfHelp": "使用暗物質自行修理 (需要對應等級的生產職業)",
      "CityNpc": "主城 NPC",
      "CityNpcHelp": "將使用偏好的修理 NPC 進行修理。",
      "TriggerAt": "觸發於 @",
      "PreferredRepairNPC": "偏好的修理 NPC: ",
      "PreferredRepairNPCHelp": "建議讓修理 NPC 與傳喚鈴位置一致，若可能的話，也與返回地點一致。",
      "GrandCompanyInn": "軍隊主城旅館",
      "AutoConsume": "自動使用消耗品",
      "AutoConsumeHelp": "AutoDuty 將在執行時及每個循環之間使用這些物品 (若狀態不存在)",
      "IgnoreStatus": "忽略狀態",
      "IgnoreStatusHelp": "AutoDuty 將在執行時及每個循環之間強制使用這些物品 (即使狀態已存在)",
      "MinTimeRemaining": "最短剩餘時間",
      "MinTimeRemainingHelp": "如果狀態剩餘時間少於此數值 (分鐘)，將使用這些物品",
      "ItemName": "物品名稱",
      "ItemNameHint": "輸入物品名稱以搜尋",
      "AddItem": "新增物品"
    },
    "BetweenLoop": {
      "Header": "循環間設定",
      "Enable": "啟用",
      "Disable": "停用",
      "RunOnLastLoop": "在最後一次循環執行",
      "WaitTime": "(秒) 循環間等待時間",
      "WaitTimeHelp": "將所有 AutoDuty 循環間的處理延遲 X 秒",
      "ExecuteCommands": "在所有循環之間執行指令",
      "AutoExtract": "自動精煉魔晶石",
      "Equipped": "已裝備",
      "All": "全部",
      "AutoOpenCoffers": "自動開啟裝備箱",
      "AutoOpenCoffersHelp": "AutoDuty 將在每個循環之間開啟裝備箱",
      "OpenCoffersWithGearset": "使用套裝開啟裝備箱: ",
      "CurrentGearset": "當前套裝",
      "UseBlacklist": "使用黑名單",
      "UseBlacklistHelp": "選擇禁止自動開啟某些寶箱。",
      "SelectCoffer": "選擇寶箱",
      "CofferName": "寶箱名稱",
      "CofferNameHint": "輸入寶箱名稱以搜尋",
      "AddCoffer": "新增寶箱",
      "DiscardItems": "捨棄物品",
      "AutoDesynth": "自動分解",
      "OnlySkillUps": "僅在能夠提升分解熟練度時分解",
      "ItemLevelLimit": "物品等級限制",
      "ItemLevelLimitHelp": "當您的分解技能達到「物品等級 + 此限制值」時，停止分解該物品。",
      "ProtectGearsets": "保護套裝",
      "DesynthCategories": "分解類別",
      "AutoGCTurnin": "自動繳交軍票",
      "InventorySlotsLeft": "背包剩餘空間 @",
      "UseGCAetheryteTicket": "使用大國防聯軍傳送網使用券",
      "RegisterTripleTriadCards": "自動收錄九宮幻卡",
      "SellTripleTriadCards": "出售九宮幻卡",
      "SlotsOccupied": "已佔用格數",
      "CardCount": "卡片數量",
      "EnableAutoRetainer": "啟用 AutoRetainer 整合",
      "PreferredSummoningBell": "偏好的傳喚鈴位置: ",
      "PreferredSummoningBellHelp": "無論選擇哪個位置，如果啟用此功能時您所在的區域有傳喚鈴，它將優先前往該處",
      "WaitingUpTo": "最多等待...",
      "Seconds": "秒"
    },
    "Termination": {
      "Header": "循環終止設定",
      "Enable": "啟用",
      "Disable": "停用",
      "StopAtLevel": "達到指定等級時停止循環",
      "StopAtLevelHelp": "當達到這些條件時，循環就會停止，前提是分配了足夠的循環次數",
      "StopNoRestedXP": "無休息經驗值時停止",
      "StopNoRestedXPHelp": "當達到這些條件時，循環就會停止，前提是分配了足夠的循環次數",
      "StopAtItemQty": "達到指定物品數量時停止迴圈",
      "StopAtItemQtyHelp": "當達到這些條件時，循環就會停止，前提是分配了足夠的循環次數",
      "SelectItem": "選擇物品",
      "ItemName": "物品名稱",
      "ItemNameHint": "輸入物品名稱以搜尋",
      "Quantity": "數量",
      "AddItem": "新增物品",
      "StopOnlyWhenAllItems": "僅在獲得所有物品後停止循環",
      "StopBLUSpell": "解鎖青魔技能時停止循環",
      "SelectBLUSpell": "選擇青魔技能",
      "StopOnlyWhenAllSpells": "僅在解鎖所有青魔技能後停止循環",
      "ExecuteCommandsOnTermination": "在所有循環終止時執行指令",
      "PlaySoundOnCompletion": "所有循環完成時播放音效: ",
      "OnCompletionOfAllLoops": "當所有循環完成時: ",
      "KeepTerminationActive": "執行後保持終止選項為啟用狀態"
    },
    "Multiboxing": {
      "Header": "多開同步 (Multiboxing)",
      "ExperimentalWarning": "極度實驗性功能 (風險自負)",
      "Step1": "步驟 1: 登入 4 個客戶端，在未組隊的情況下開啟 AutoDuty",
      "Step2": "步驟 2: 選定一個客戶端成為 [主機]。由它指揮其他客戶端。",
      "Step3": "步驟 3: 選擇使用 [命名管道] 或 [TCP] 連線。若所有客戶端都在同一台電腦上，建議使用 [命名管道]；否則使用 [TCP]。",
      "NamedPipes": "命名管道",
      "Step4Pipes": "步驟 4: 確保所有客戶端之間的 [管道名稱] 必須相符",
      "Step5Pipes": "步驟 5: 伺服器名稱預設值 \".\" 代表本機電腦，跨電腦請填主機IP。",
      "TCP": "TCP",
      "Step4TCP": "步驟 4: 客戶端與主機之間的連接埠 (Port) 必須相符",
      "Step5TCP": "步驟 5: 在客戶端上，可以更改伺服器位址以連線到其他電腦的主機。",
      "UACWarning": "UAC 可能會要求您允許網路存取權限",
      "Step6": "步驟 6: 先在主機上勾選 [多開同步]",
      "Step7": "步驟 7: 在 3 個客戶端上勾選 [多開同步]。下方將顯示它們的當前資訊。如果顯示「無資訊」，表示它們未連線",
      "Step8": "步驟 8: 在主機上選擇您要執行的副本和次數，點擊執行。",
      "TransportType": "傳輸類型",
      "TransportTypeHelp": "命名管道: 網路連線能力取決於系統設定。\nTCP: 網路連線能力取決於防火牆設定。\n在大多數情況下，命名管道無需更改即可運作。",
      "PipeName": "管道名稱",
      "ServerName": "伺服器名稱",
      "ServerAddress": "伺服器位址",
      "ServerPort": "伺服器連接埠",
      "Reset": "重置",
      "Host": "主機",
      "SynchronizePaths": "同步路徑",
      "SynchronizePathsHelp": "將路徑從主機發送到客戶端",
      "Blocking": "阻塞中: {0}",
      "ScrambleNames": "混淆名稱",
      "Name": "名稱",
      "InParty": "在隊伍中?",
      "Job": "職業",
      "BlockingStatus": "阻塞狀態?",
      "LastHeard": "最後響應",
      "InPartyYes": "在隊伍中",
      "InPartyNo": "不在隊伍中",
      "NoInfo": "{0}: 無資訊",
      "ResynchronizeStep": "重新同步步驟"
    },
    "Enums": {
      "RetireLocation": {
        "Inn": "旅館",
        "Apartment": "公寓",
        "Personal_Home": "個人房屋",
        "FC_Estate": "部隊房屋",
        "GC_Barracks": "軍營 (冒險者分隊)"
      },
      "SummoningBellLocations": {
        "Inn": "旅館",
        "Apartment": "公寓",
        "Personal_Home": "個人房屋",
        "FC_Estate": "部隊房屋",
        "Limsa_Lominsa_Lower_Decks": "利姆薩·羅敏薩下層甲板",
        "Old_Gridania": "格里達尼亞舊街",
        "Uldah_Steps_of_Thal": "烏爾達哈現世迴廊",
        "The_Pillars": "伊修加爾德上層",
        "Rhalgrs_Reach": "神拳痕",
        "Kugane": "黃金港",
        "The_Doman_Enclave": "多瑪飛地",
        "The_Crystarium": "水晶都",
        "Eulmore": "游末邦",
        "Old_Sharlayan": "舊薩雷安",
        "Radz_at_Han": "拉札罕",
        "Tuliyollal": "圖萊尤拉",
        "Nexus_Arcade": "九號解決方案"
      },
      "SalvageItemCategory": {
        "InventoryEquipment": "背包: 裝備",
        "InventoryHousing": "背包: 家具/庭具",
        "ArmouryMainOff": "兵裝庫: 主手/副手",
        "ArmouryHeadBodyHands": "兵裝庫: 頭/身/手",
        "ArmouryLegsFeet": "兵裝庫: 腿/腳",
        "ArmouryNeckEars": "兵裝庫: 項鍊/耳環",
        "ArmouryWristsRings": "兵裝庫: 手鐲/戒指",
        "Equipped": "已裝備"
      },
      "TerminationMode": {
        "Do_Nothing": "不做任何事",
        "Logout": "登出",
        "Start_AR_Multi_Mode": "啟動 AutoRetainer 多開模式",
        "Kill_Client": "關閉遊戲",
        "Kill_PC": "關機",
        "Start_AR_Night_Mode": "啟動 AutoRetainer 夜間模式"
      },
      "Jobs": {
        "All": "所有職業",
        "Tanks": "防護職業 (T)",
        "Healers": "治療職業 (H)",
        "DPS": "輸出職業 (DPS)",
        "Melee": "近戰",
        "Striking": "物理進攻/擊打 (Striking)",
        "Maiming": "物理進攻/斬擊 (Maiming)",
        "Scouting": "物理進攻/偵查 (Scouting)",
        "Aiming": "遠敏",
        "Casters": "法系",
        "Paladin": "騎士",
        "Warrior": "戰士",
        "Dark_Knight": "暗黑騎士",
        "Gunbreaker": "絕槍戰士",
        "White_Mage": "白魔道士",
        "Scholar": "學者",
        "Astrologian": "占星術師",
        "Sage": "賢者",
        "Monk": "武僧",
        "Dragoon": "龍騎士",
        "Ninja": "忍者",
        "Samurai": "武士",
        "Reaper": "奪魂者",
        "Bard": "吟遊詩人",
        "Machinist": "機工士",
        "Dancer": "舞者",
        "Black_Mage": "黑魔道士",
        "Summoner": "召喚師",
        "Red_Mage": "赤魔道士",
        "Viper": "毒蛇劍士",
        "Pictomancer": "繪靈法師",
        "Blue_Mage": "青魔道士"
      }
    },
    "Dev": {
      "Header": "開發者設定",
      "UpdatePathsOnStartup": "啟動時更新路徑",
      "PrintModList": "列印 Mod 列表",
      "InvitedBy": "邀請者: ",
      "DutySupport": {
        "Header": "可用親信戰友/劇情輔助器",
        "Selected": "已選擇: ",
        "Cnt": "數量: "
      },
      "Squadron": {
        "Header": "可用冒險者分隊",
        "Duties": "副本",
        "AvailableMembers": "可用隊員",
        "Columns": {
          "Enabled": "已啟用?",
          "Completed": "已完成",
          "Name": "名稱",
          "Level": "等級",
          "Synced": "同步",
          "Selected": "已選擇",
          "Class": "職業",
          "ClassId": "職業 ID",
          "Physical": "體能",
          "Mental": "心智",
          "Tactical": "戰術",
          "Chemistry": "默契",
          "Tactics": "策略"
        }
      },
      "TTCards": {
        "Header": "可用九宮幻卡",
        "Cnt": "數量: "
      },
      "Partycheck": {
        "Header": "隊伍檢查",
        "PartySize": "隊伍人數: ",
        "Valid": "有效: "
      },
      "BLU": {
        "Header": "青魔配置",
        "NothingLoaded": "未載入",
        "Unload": "卸載",
        "Load": "載入"
      },
      "RetainerPrices": {
        "Header": "雇員背包價格檢查"
      },
      "Buddy": {
        "Header": "搭檔/陸行鳥檢查"
      },
      "Actions": {
        "CheckAction": "檢查動作",
        "CheckAction2": "檢查動作2",
        "Return": "執行返回?",
        "RotationOn": "開啟循環插件",
        "RotationOff": "關閉循環插件",
        "BetweenLoopActions": "迴圈間動作測試",
        "BossLootTest": "Boss 寶箱測試"
      },
      "Teleport": {
        "Header": "傳送功能測試",
        "Warps": "傳送點",
        "LevelTest": "等級測試"
      }
    }
  }
}