{
  "ConfigTab": {
    "Title": "配置",
    "Profile": {
      "CurrentlySelected": "当前选择的配置文件：",
      "CreateNew": "新建配置",
      "Rename": "重命名配置",
      "Duplicate": "复制当前配置",
      "MakeDefault": "设为默认",
      "MakeDefaultHelp": "设为默认\n按住 Ctrl 键可将此配置设为当前角色的默认配置\nCtrl+Shift 可移除当前角色的默认配置",
      "Delete": "删除配置",
      "DeleteHelp": "删除配置\n按住 Ctrl 键启用",
      "BareProfileNote": "基础配置 (Bare Profile) 仅用于单纯跑本，不含其他复杂设置。你可以复制它作为模板使用。",
      "NewProfileName": "新配置文件名称",
      "ChangeProfileName": "更改配置文件名称"
    },
    "Language": "语言：",
    "LanguageHelp": "选择显示语言",
    "Overlay": {
      "Header": "窗口与悬浮窗设置",
      "ShowOverlay": "显示悬浮窗",
      "ShowOverlayHelp": "注意：快捷按钮（上缴/分解等）需要启用对应的配置项才能使用！\n或者启用\"覆盖/自定义悬浮按钮\"选项",
      "HideWhenStopped": "停止运行时隐藏悬浮窗",
      "LockOverlay": "锁定悬浮窗位置",
      "ShowDutyLoopText": "显示当前副本/循环次数",
      "TransparentBG": "悬浮窗背景透明",
      "ShowActionText": "显示 AutoDuty 动作状态文本",
      "AnchorBottom": "底部对齐",
      "OverrideButtons": "覆盖/自定义悬浮按钮",
      "OverrideButtonsHelp": "悬浮窗按钮默认会根据对应配置项的启用状态显示\n启用此选项后，你可以自定义显示哪些按钮",
      "ShowMainWindowOnStartup": "启动时显示主窗口",
      "SliderInputs": "滑动条输入模式"
    },
    "Duty": {
      "Header": "副本配置设置",
      "AutoLeaveDuty": "最后一次循环时自动离开副本",
      "AutoLeaveDutyHelp": "完成路径后将自动退出副本。",
      "BlockLeavingDuty": "阻止在副本完成前离开",
      "AutoManageRotation": "自动管理输出循环插件状态",
      "AutoManageRotationHelp": "AutoDuty 将在副本开始时启用循环插件。\n*AutoDuty 会按列表优先级尝试加载可用的插件。",
      "Wrath": {
        "Header": "> Wrath Combo 配置选项 <",
        "AutoSetupJobs": "自动为职业设置自动输出",
        "AutoSetupJobsHelp": "如果未启用此选项且职业未在 Wrath Combo 中设置，AD 将改用 RSR 或 BossMod 自动输出",
        "TargetingTank": "目标选择 | 坦克：",
        "TargetingNonTank": "目标选择 | 非坦克："
      },
      "RSR": {
        "Header": "> RSR 配置选项 <",
        "EngageSettings": "交战设置：",
        "TargetingTank": "目标选择 | 坦克：",
        "TargetingNonTank": "目标选择 | 非坦克："
      },
      "AutoManageBMAI": "自动管理 BossMod AI 设置",
      "AutoManageBMAIHelp": "AutoDuty 将在每次副本开始时启用 BMAI 及你配置的任何选项。",
      "BMAI": {
        "Header": "> BMAI 配置选项 <",
        "UpdatePresets": "更新预设",
        "UpdatePresetsAuto": "自动更新预设",
        "MaxDistanceRoleBased": "根据玩家职责设置目标最大距离",
        "MaxDistance": "目标最大距离",
        "MaxDistanceAoE": "目标最大距离（AoE）",
        "MaxDistanceMelee": "目标最大距离 | 近战",
        "MaxDistanceRanged": "目标最大距离 | 远程",
        "PositionalRoleBased": "根据玩家职责设置方位",
        "UseDefaultSettings": "使用默认 BMAI 设置",
        "UseDefaultSettingsHelp": "点击此按钮将重置你的 BMAI 配置为 AD 的默认和*推荐*设置"
      },
      "AutoManageVnavCamera": "自动管理 Vnav 对齐相机",
      "AutoManageVnavCameraHelp": "AutoDuty 将在每次副本开始时启用 VNav 中的对齐相机功能，并在完成后禁用（如果之前未设置）。",
      "LootTreasure": "自动开启宝箱",
      "SelectMethod": "选择方法：",
      "LootBossTreasureOnly": "仅开启 Boss 宝箱",
      "LootBossTreasureOnlyHelp": "AutoDuty 将绕过非 Boss 宝箱，仅开启 Boss 宝箱。\n并非所有路径都支持此功能。",
      "MinStuckTime": "判定卡住的最短时间（毫秒）",
      "ResetStuckOnStep": "仅在下一步时重置卡住计数器",
      "RebuildNavmeshOnStuck": "卡住时重建导航网格",
      "RebuildNavmeshTimes": "次",
      "UseReturnWhenStuck": "卡住时使用返回",
      "ReturnTimes": "次",
      "DrawPath": "绘制路径中的下一步",
      "DrawPathSteps": "绘制 X 步",
      "W2W": {
        "Header": "> 全程拉怪 (W2W) 配置，可以拉两波小怪*高风险，除了防护职业 (T)容易暴毙* <",
        "TreatUnsyncAsW2W": "将非同步视为 W2W",
        "TreatUnsyncAsW2WHelp": "仅在路径步骤中带有 W2W 标签时有效"
      },
      "OverridePartyValidation": "覆盖队伍验证",
      "OverridePartyValidationHelp": "AutoDuty 将在排队副本时忽略你的队伍配置\n此功能仅用于多开\n*不建议与其他玩家一起使用 AutoDuty，例如在日随中使用。",
      "Advanced": {
        "Header": "高级配置选项",
        "UsingAltRotation": "使用替代输出循环插件",
        "UsingAltRotationHelp": "你决定使用 Wrath Combo、Rotation Solver 或 BossMod AutoRotation 以外的插件，例如AEAssist3。",
        "UsingAltMovement": "使用替代移动插件",
        "UsingAltMovementHelp": "你决定使用 Vnavmesh 以外的插件。",
        "UsingAltBoss": "使用替代 Boss 插件",
        "UsingAltBossHelp": "你决定使用 BossMod 以外的插件。"
      }
    },
    "PreLoop": {
      "Header": "循环前初始化设置",
      "Enable": "启用",
      "ExecuteCommands": "在所有循环开始时执行命令",
      "BetweenLoopNote": "如果启用了循环间设置，以下操作也会在循环间执行（当前{0}）",
      "RetireTo": "返回至 ",
      "AddCurrentPosition": "添加当前位置",
      "HomePathHelp": "大多数房屋从传送点到门口是直线，无需此设置。仅当你的房屋门口路径受阻或距离传送点较远时，请走到门口并点击添加当前位置。",
      "AutoEquipGear": "自动装备推荐装备",
      "GearSourceHelp": "原版 - 仅使用兵装库(Armory Chest)装备\n装备管理器 - 调用 Gearsetter，可将淘汰装备移至背包\n造型师 - 使用 Stylist 插件设置",
      "MoveOldToInventory": "将旧物品移至背包",
      "MoveOldToInventoryHelp": "除武器外，将被替换的装备移至背包。",
      "RequiresGearsetterOrStylist": "* 兵装库外的物品需要 Gearsetter 或 Stylist 插件",
      "AutoRepair": "自动修理",
      "Self": "自行修理",
      "SelfHelp": "使用暗物质自行修理 (需要对应等级的生产职业)",
      "CityNpc": "主城 NPC",
      "CityNpcHelp": "使用首选修理 NPC 进行修理。",
      "TriggerAt": "触发条件 @",
      "PreferredRepairNPC": "首选修理 NPC：",
      "PreferredRepairNPCHelp": "建议将修理 NPC 与传唤铃以及返回位置（如可能）设置在同一地点",
      "GrandCompanyInn": "冒险者分队军营",
      "AutoConsume": "自动使用消耗品",
      "AutoConsumeHelp": "AutoDuty 将在运行时和每次循环间使用这些物品（如果状态不存在）",
      "IgnoreStatus": "忽略状态",
      "IgnoreStatusHelp": "AutoDuty 将在运行时和每次循环间始终使用这些物品（即使状态已存在）",
      "MinTimeRemaining": "最短剩余时间",
      "MinTimeRemainingHelp": "如果状态剩余时间少于此值（分钟），将使用这些物品",
      "ItemName": "物品名称",
      "ItemNameHint": "开始输入物品名称以搜索",
      "AddItem": "添加物品"
    },
    "BetweenLoop": {
      "Header": "循环间设置",
      "Enable": "启用",
      "RunOnLastLoop": "在最后一次循环时运行",
      "WaitTime": "(秒) 循环间等待时间",
      "WaitTimeHelp": "将所有 AutoDuty 循环间处理延迟 X 秒。",
      "ExecuteCommands": "在所有循环间执行命令",
      "AutoExtract": "自动精制魔晶石",
      "Equipped": "已装备",
      "All": "全部",
      "AutoOpenCoffers": "自动开启装备宝箱",
      "AutoOpenCoffersHelp": "AutoDuty 将在每次循环间开启装备宝箱（如骑士武器箱）",
      "OpenCoffersWithGearset": "使用套装开启宝箱：",
      "CurrentGearset": "当前套装",
      "UseBlacklist": "使用黑名单",
      "UseBlacklistHelp": "可选择禁止某些宝箱自动开启。",
      "SelectCoffer": "选择宝箱",
      "CofferName": "宝箱名称",
      "CofferNameHint": "开始输入宝箱名称以搜索",
      "AddCoffer": "添加宝箱",
      "DiscardItems": "丢弃物品",
      "Desynth": {
        "NQOnly": "只分解NQ物品"
      },
      "AutoDesynth": "自动分解",
      "OnlySkillUps": "仅提升分解熟练度时分解",
      "ItemLevelLimit": "物品等级限制",
      "ItemLevelLimitHelp": "当你的分解技能达到物品等级 + 此限制时，停止分解该物品。",
      "ProtectGearsets": "保护套装",
      "DesynthCategories": "分解类别",
      "AutoGCTurnin": "自动上交军票筹备",
      "InventorySlotsLeft": "剩余背包格数 @",
      "UseGCAetheryteTicket": "使用大国防联军传送券",
      "RegisterTripleTriadCards": "自动收录九宫幻卡",
      "SellTripleTriadCards": "出售九宫幻卡",
      "SlotsOccupied": "占用格数",
      "CardCount": "卡片数量",
      "EnableAutoRetainer": "启用 AutoRetainer 集成",
      "PreferredSummoningBell": "首选传唤铃位置：",
      "PreferredSummoningBellHelp": "无论选择哪个位置，如果你当前所在位置有传唤铃，将优先前往该位置",
      "WaitingUpTo": "最多等待...",
      "Seconds": "秒"
    },
    "Termination": {
      "Header": "循环终止设置",
      "Enable": "启用",
      "StopAtLevel": "达到等级时停止循环",
      "StopAtLevelHelp": "当达到这些条件时，循环将停止（前提是已分配足够的循环次数）。",
      "StopNoRestedXP": "休息经验耗尽时停止",
      "StopNoRestedXPHelp": "当达到这些条件时，循环将停止（前提是已分配足够的循环次数）。",
      "StopAtItemQty": "达到物品数量时停止循环",
      "StopAtItemQtyHelp": "当达到这些条件时，循环将停止（前提是已分配足够的循环次数）。",
      "SelectItem": "选择物品",
      "ItemName": "物品名称",
      "ItemNameHint": "开始输入物品名称以搜索",
      "Quantity": "数量",
      "AddItem": "添加物品",
      "StopOnlyWhenAllItems": "仅当获得所有物品时停止循环",
      "StopBLUSpell": "习得青魔法时停止循环",
      "SelectBLUSpell": "选择青魔法",
      "StopOnlyWhenAllSpells": "仅当习得所有青魔法时停止循环",
      "ExecuteCommandsOnTermination": "在所有循环终止时执行命令",
      "PlaySoundOnCompletion": "完成所有循环时播放提示音：",
      "OnCompletionOfAllLoops": "完成所有循环时：",
      "KeepTerminationActive": "执行后保持终止选项激活 "
    },
    "Multiboxing": {
      "Header": "多开同步 (Multiboxing)",
      "ExperimentalWarning": "⚠️ 极度实验性功能 (风险自负)",
      "Step1": "准备：同大区启动 4 个客户端，开启 AD，保持无组队状态。",
      "Step2": "主机：选定一个客户端作为“主机 (Host)”，它将指挥其他窗口。",
      "Step3": "连接：选择通讯方式。单机多开推荐 [命名管道]，跨电脑多开请用 [TCP]。",
      "NamedPipes": "命名管道",
      "Step4Pipes": "设置：确保所有窗口的 [管道名称] 一致。",
      "Step5Pipes": "连接：客户端默认填 \".\" (本机)。跨电脑请填主机 IP。",
      "TCP": "TCP",
      "Step4TCP": "步骤 4：端口需要在客户端和主机之间匹配",
      "Step5TCP": "步骤 5：在客户端上，可以更改服务器地址以连接到其他计算机上的主机。",
      "UACWarning": "UAC 可能会要求你允许网络访问",
      "Step6": "启动：先在主机勾选 [多开同步]。",
      "Step7": "加入：在 3 个客户端勾选 [多开同步]。连接成功后下方会显示角色信息。",
      "Step8": "运行：主机选择副本并点击 [开始]，全队同步行动。",
      "TransportType": "传输类型",
      "TransportTypeHelp": "命名管道：网络连接取决于系统设置。\nTCP：网络连接取决于防火墙设置。\n在大多数情况下，命名管道无需更改即可工作。",
      "PipeName": "管道名称",
      "ServerName": "服务器名称",
      "ServerAddress": "服务器地址",
      "ServerPort": "服务器端口",
      "Reset": "重置",
      "Host": "主机",
      "SynchronizePaths": "同步路径",
      "SynchronizePathsHelp": "将路径从主机发送到客户端",
      "Blocking": "阻塞中：{0}",
      "ScrambleNames": "隐藏/打乱角色名",
      "Name": "名称",
      "InParty": "在队伍中？",
      "Job": "职业",
      "BlockingStatus": "阻塞中？",
      "LastHeard": "最后响应",
      "InPartyYes": "在队伍中",
      "InPartyNo": "不在队伍中",
      "NoInfo": "{0}：无信息",
      "ResynchronizeStep": "重新同步步骤"
    },
    "Enums": {
      "RetireLocation": {
        "Inn": "旅馆",
        "Apartment": "个人公寓",
        "Personal_Home": "个人房屋",
        "FC_Estate": "部队房屋",
        "GC_Barracks": "冒险者分队兵营"
      },
      "SummoningBellLocations": {
        "Inn": "旅馆",
        "Apartment": "个人公寓",
        "Personal_Home": "个人房屋",
        "FC_Estate": "部队房屋",
        "Limsa_Lominsa_Lower_Decks": "利姆萨·罗敏萨下层甲板",
        "Old_Gridania": "格里达尼亚旧街",
        "Uldah_Steps_of_Thal": "乌尔达哈现世回廊",
        "The_Pillars": "伊修加德砥柱层",
        "Rhalgrs_Reach": "神拳痕",
        "Kugane": "黄金港",
        "The_Doman_Enclave": "多玛飞地",
        "The_Crystarium": "水晶都",
        "Eulmore": "游末邦",
        "Old_Sharlayan": "旧萨雷安",
        "Radz_at_Han": "拉扎罕",
        "Tuliyollal": "图莱尤拉",
        "Nexus_Arcade": "九号解决方案"
      },
      "SalvageItemCategory": {
        "InventoryEquipment": "背包: 装备",
        "InventoryHousing": "背包: 家具/庭具",
        "ArmouryMainOff": "兵装库: 主手/副手",
        "ArmouryHeadBodyHands": "兵装库: 头/身/手",
        "ArmouryLegsFeet": "兵装库: 腿/脚",
        "ArmouryNeckEars": "兵装库: 项链/耳环",
        "ArmouryWristsRings": "兵装库: 手镯/戒指",
        "Equipped": "当前已装备"
      },
      "TerminationMode": {
        "Do_Nothing": "无操作",
        "Logout": "下线/注销",
        "Start_AR_Multi_Mode": "启动 AutoRetainer 多开模式",
        "Kill_Client": "关闭游戏客户端",
        "Kill_PC": "关闭电脑",
        "Start_AR_Night_Mode": "启动 AutoRetainer 夜间模式"
      },
      "JobWithRole": {
        "None": "None",
        "All": "所有职业 (All)",
        "Tanks": "防护职业 (T)",
        "Healers": "治疗职业 (H)",
        "DPS": "输出职业 (DPS)",
        "Melee": "近战",
        "Striking": "物理进攻/击打 (Striking)",
        "Maiming": "物理进攻/斩击 (Maiming)",
        "Scouting": "物理进攻/侦查 (Scouting)",
        "Aiming": "远敏",
        "Casters": "法系",
        "Paladin": "骑士",
        "Warrior": "战士",
        "Dark_Knight": "暗黑骑士",
        "Gunbreaker": "绝枪战士",
        "White_Mage": "白魔法师",
        "Scholar": "学者",
        "Astrologian": "占星术士",
        "Sage": "贤者",
        "Monk": "武僧",
        "Samurai": "武士",
        "Dragoon": "龙骑士",
        "Reaper": "钐镰客",
        "Ninja": "忍者",
        "Viper": "蝰蛇剑士",
        "Bard": "吟游诗人",
        "Machinist": "机工士",
        "Dancer": "舞者",
        "Black_Mage": "黑魔法师",
        "Summoner": "召唤师",
        "Red_Mage": "赤魔法师",
        "Pictomancer": "绘灵法师",
        "Blue_Mage": "青魔法师"
      }
    },
    "Dev": {
      "Header": "开发者设置",
      "UpdatePathsOnStartup": "启动时更新路径",
      "PrintModList": "打印 Mod 列表",
      "InvitedBy": "邀请者 ID：",
      "DutySupport": {
        "Header": "可用亲信战友/剧情辅助",
        "Selected": "已选择：",
        "Cnt": "数量："
      },
      "Squadron": {
        "Header": "可用冒险者分队",
        "Duties": "副本任务",
        "AvailableMembers": "可用成员",
        "Columns": {
          "Enabled": "已启用？",
          "Completed": "已完成",
          "Name": "名称",
          "Level": "等级",
          "Synced": "同步",
          "Selected": "已选择",
          "Class": "职业",
          "ClassId": "职业 ID",
          "Physical": "物理",
          "Mental": "精神",
          "Tactical": "战术",
          "Chemistry": "化学",
          "Tactics": "策略"
        }
      },
      "TTCards": {
        "Header": "可用九宫幻卡",
        "Cnt": "数量："
      },
      "Partycheck": {
        "Header": "队伍检查",
        "PartySize": "队伍人数：",
        "Valid": "有效："
      },
      "BLU": {
        "Header": "青魔预设",
        "NothingLoaded": "未加载任何技能",
        "Unload": "卸载",
        "Load": "加载"
      },
      "RetainerPrices": {
        "Header": "雇员背包价格检查"
      },
      "Buddy": {
        "Header": "搭档/陆行鸟检查"
      },
      "Actions": {
        "CheckAction": "检查动作",
        "CheckAction2": "检查动作2",
        "Return": "执行返回？",
        "RotationOn": "开启循环插件",
        "RotationOff": "关闭循环插件",
        "BetweenLoopActions": "循环间动作测试",
        "BossLootTest": "Boss 宝箱测试"
      },
      "Teleport": {
        "Header": "传送功能测试",
        "Warps": "传送点",
        "LevelTest": "等级测试"
      }
    }
  }
}
