{
  "BuildTab": {
    "BuildPath": "経路作成: ({0}) {1}",
    "Changelog": "更新履歴:",
    "JsonExtension": ".json",
    "AddPos": "POS追加",
    "AddPosTooltip": "経路に移動ステップを追加し、指定位置へ向かいます",
    "AddAction": "Action追加",
    "AddActionTooltip": "Add Actionメニューを開き、経路にアクションを追加します",
    "ClearPath": "パスをクリア",
    "ClearPathTooltip": "パス全体を削除します。注意: 確認ダイアログはありません",
    "SavePath": "パス保存",
    "SavePathTooltip": "指定ファイル（または既定）にパスを保存します",
    "LoadPath": "パス読込",
    "LoadPathTooltip": "パスを読み込みます",
    "OpenFile": "ファイルを開く",
    "Delete": "削除",
    "CopyToClipboard": "クリップボードにコピー",
    "TeleportTo": "指定先へテレポ",
    "Arguments": "引数:",
    "Plus": "+",
    "Up": "↑",
    "Down": "↓",
    "Remove": "X",
    "Position": "座標:",
    "Note": "メモ:",
    "Tag": "タグ:",
    "Conditions": "条件:",
    "Condition": "条件: ",
    "AddNewCondition": "条件を追加",
    "Add": "追加",
    "Modify": "編集",
    "SavePathError": "パスを保存するには最低1つのActionが必要です。Actionを追加して再試行してください",
    "SavingPath": "{0} を保存中",
    "DataIdError": "{0} はオブジェクトのDataIdに対応する符号なし整数（uint）で指定してください",
    "ErrorTitle": "エラー",
    "NotInDungeonMessage": "パスを作成するにはダンジョン内に入ってください",
    "PlusZ": "+Z",
    "MinusZ": "-Z",
    "PlusX": "+X",
    "MinusX": "-X",
    "XDiff": "X差分: ",
    "YDiff": "Y差分: ",
    "ZDiff": "Z差分: ",
    "Diff": "差分: "
  }
}
