{
  "Author": "Haselnussbomber",
  "Name": "HaselTweaks",
  "InternalName": "HaselTweaks",
  "AssemblyVersion": "41.1.5.0",
  "Description": "Keep on tweaking.",
  "ApplicableVersion": "any",
  "RepoUrl": "https://github.com/Haselnussbomber/HaselTweaks",
  "DalamudApiLevel": 14,
  "LoadRequiredState": 1,
  "LoadSync": false,
  "CanUnloadAsync": false,
  "LoadPriority": 0,
  "IconUrl": "https://raw.githubusercontent.com/Haselnussbomber/HaselTweaks/refs/heads/main/HaselTweaks/Assets/Icon.png",
  "Punchline": "A collection of quality of life tweaks.",
  "AcceptsFeedback": true
}